tabela,bytes_total,tamanho_total,tamanho_dados,tamanho_indices,linhas_estimadas
lcsreg54,5845958656,5575 MB,4524 MB,1050 MB,6948161
lcsreg542,2380283904,2270 MB,1582 MB,687 MB,5898652
nfsaida,2297683968,2191 MB,1599 MB,592 MB,1809641
nfsresuman,1271193600,1212 MB,949 MB,263 MB,3037961
lcsaida,1241104384,1184 MB,919 MB,264 MB,3056670
nfsreg54,349061120,333 MB,231 MB,102 MB,1804716
lcereg54,118341632,113 MB,93 MB,20 MB,127518
lcereg542,47915008,46 MB,32 MB,14 MB,119608
nfentrad,24297472,23 MB,17 MB,6016 kB,22275
nferesuman,11509760,11 MB,8752 kB,2456 kB,27339
lcentrad,10657792,10 MB,7952 kB,2424 kB,26982
lcentrad2,6725632,6568 kB,4680 kB,1856 kB,20452
pro_ser,5013504,4896 kB,4328 kB,528 kB,16632
nfereg54,4571136,4464 kB,3120 kB,1312 kB,22274
obsnfent,2433024,2376 kB,1792 kB,552 kB,17230
nfedadcomp,2195456,2144 kB,1856 kB,256 kB,7725
nfeoutrobr,1884160,1840 kB,1408 kB,400 kB,12296
inventar,1318912,1288 kB,1056 kB,200 kB,5900
apuracao_difal,991232,968 kB,776 kB,160 kB,2403
codimp,974848,952 kB,880 kB,40 kB,403
lcsaida2,630784,616 kB,376 kB,208 kB,1843
nf_iss56,581632,568 kB,456 kB,72 kB,669
registrosefd,548864,536 kB,304 kB,200 kB,5814
arquivoloteeventotransmissaoesocialreinf,466944,456 kB,24 kB,16 kB,54
situacaocertificadoesocialreinf,335872,328 kB,80 kB,208 kB,1
cli_for,294912,288 kB,88 kB,160 kB,315
lcdetisstomados,270336,264 kB,200 kB,32 kB,469
controlegeracaoloteeventoesocialreinf,253952,248 kB,16 kB,208 kB,0
controleenvioloteeventoesocialreinf,253952,248 kB,16 kB,208 kB,0
impret56,180224,176 kB,96 kB,48 kB,464
cbdetisstomados,155648,152 kB,72 kB,48 kB,469
obsservtom,139264,136 kB,72 kB,32 kB,446
lmovemp,139264,136 kB,72 kB,32 kB,247
movemp,131072,128 kB,72 kB,16 kB,120
encerram,131072,128 kB,48 kB,48 kB,537
codservnfse,122880,120 kB,48 kB,32 kB,214
tabocorresprj,122880,120 kB,48 kB,32 kB,149
conffornprod_icms,106496,104 kB,40 kB,32 kB,450
outval,106496,104 kB,48 kB,16 kB,99
nfsaida2,106496,104 kB,24 kB,48 kB,149
arquivoeventotransmissaoesocialreinf,106496,104 kB,48 kB,16 kB,32
cfgcfopxml,106496,104 kB,32 kB,40 kB,344
situacaoeventotransmissaoesocialreinf,98304,96 kB,8192 bytes,48 kB,27
conffornprodxml,98304,96 kB,40 kB,16 kB,183
ocorrenciasituacaoeventotransmissaoesocialreinf,98304,96 kB,8192 bytes,48 kB,1
confgerefd,98304,96 kB,40 kB,16 kB,94
paginas,90112,88 kB,32 kB,16 kB,47
nfsdadcomp,81920,80 kB,32 kB,16 kB,115
novagia,81920,80 kB,24 kB,16 kB,98
faturanf,73728,72 kB,24 kB,16 kB,45
confcfop,73728,72 kB,24 kB,16 kB,136
nfentrad2,73728,72 kB,8192 bytes,32 kB,2
confgerefdcontrib,73728,72 kB,16 kB,16 kB,71
eventotransmissaoesocialreinf,73728,72 kB,16 kB,16 kB,33
outros,73728,72 kB,16 kB,16 kB,17
nfsoutrobr,73728,72 kB,24 kB,16 kB,180
obsnfsai,73728,72 kB,24 kB,16 kB,191
darfretidopis,73728,72 kB,24 kB,16 kB,89
obrigacoesicms,65536,64 kB,8192 bytes,16 kB,1
impretnf,65536,64 kB,16 kB,16 kB,66
pislrdes,65536,64 kB,16 kB,16 kB,96
icms_men,65536,64 kB,16 kB,16 kB,100
totais,65536,64 kB,16 kB,16 kB,98
configuracoes,65536,64 kB,8192 bytes,16 kB,1
cfgimpnfse,65536,64 kB,8192 bytes,16 kB,1
tabsimrs,57344,56 kB,8192 bytes,16 kB,20
configfaturamento,57344,56 kB,8192 bytes,16 kB,1
outalipc,57344,56 kB,8192 bytes,16 kB,2
configsimples,57344,56 kB,8192 bytes,16 kB,5
dirfconfiguracoes,57344,56 kB,8192 bytes,16 kB,5
fatura,57344,56 kB,8192 bytes,16 kB,45
faturavenc,57344,56 kB,8192 bytes,16 kB,41
configuradarf,57344,56 kB,8192 bytes,16 kB,1
configuradarfpis,57344,56 kB,8192 bytes,16 kB,29
giagare,57344,56 kB,8192 bytes,16 kB,1
ovaimp,57344,56 kB,8192 bytes,16 kB,2
dctf_dc,57344,56 kB,8192 bytes,16 kB,14
percfecp,57344,56 kB,8192 bytes,16 kB,8
dctfcad,57344,56 kB,8192 bytes,16 kB,7
placontbem,57344,56 kB,8192 bytes,16 kB,22
planint,57344,56 kB,8192 bytes,16 kB,35
tipos,57344,56 kB,8192 bytes,16 kB,1
icms_sem,57344,56 kB,8192 bytes,16 kB,18
efdcadobs,57344,56 kB,8192 bytes,16 kB,4
cfgdtcalcserv,57344,56 kB,8192 bytes,16 kB,60
efdcoduni,57344,56 kB,8192 bytes,16 kB,2
efdinfcom,57344,56 kB,8192 bytes,16 kB,1
efdnatop,57344,56 kB,8192 bytes,16 kB,4
controlesequencialtipoeventoesocial,57344,56 kB,8192 bytes,16 kB,15
codturboimp,57344,56 kB,8192 bytes,16 kB,1
ciapconfig,57344,56 kB,8192 bytes,16 kB,2
cfgevtreinf,57344,56 kB,8192 bytes,16 kB,14
cfgimpcfe,57344,56 kB,8192 bytes,16 kB,1
tipoimportacao,57344,56 kB,8192 bytes,16 kB,70
recrotinas,57344,56 kB,8192 bytes,16 kB,2
intadm,57344,56 kB,8192 bytes,16 kB,5
cadser,57344,56 kB,8192 bytes,16 kB,21
registra,57344,56 kB,8192 bytes,16 kB,7
dadosadi,57344,56 kB,8192 bytes,16 kB,2
reinfexclusao,57344,56 kB,8192 bytes,16 kB,3
nfedocfisr,57344,56 kB,8192 bytes,16 kB,4
reinfinss,57344,56 kB,8192 bytes,16 kB,2
reinfmovimentomensal,57344,56 kB,8192 bytes,16 kB,1
conffornprod_ipi,57344,56 kB,8192 bytes,16 kB,21
nfs_cferefer,57344,56 kB,8192 bytes,16 kB,5
nfscfrefer,57344,56 kB,8192 bytes,16 kB,4
rot_exec,57344,56 kB,8192 bytes,16 kB,30
nfsdocfisr,57344,56 kB,8192 bytes,16 kB,38
conffornxml,57344,56 kB,8192 bytes,16 kB,6
limpezatblreinf,57344,56 kB,8192 bytes,16 kB,2
livros,57344,56 kB,8192 bytes,16 kB,5
loteeventotransmissaoesocialreinf,57344,56 kB,8192 bytes,16 kB,18
difaliq,57344,56 kB,8192 bytes,16 kB,5
eventolotetransmissaoesocialreinf,57344,56 kB,8192 bytes,16 kB,32
sregistra,57344,56 kB,8192 bytes,16 kB,7
tabsimp,57344,56 kB,8192 bytes,16 kB,2
codlanc,49152,48 kB,16 kB,0 bytes,202
cfgdtcalc,40960,40 kB,8192 bytes,0 bytes,106
residuo,40960,40 kB,8192 bytes,0 bytes,1
tblversaoscript,40960,40 kB,8192 bytes,0 bytes,61
nf_iss,32768,32 kB,0 bytes,24 kB,0
efdpiscof_unidimobvend,24576,24 kB,0 bytes,16 kB,0
inforendsoc,16384,16 kB,0 bytes,8192 bytes,0
efdpiscof_cofcompldoctransp,16384,16 kB,0 bytes,16 kB,0
movempdocum,16384,16 kB,0 bytes,16 kB,0
movempcred,16384,16 kB,0 bytes,16 kB,0
cfglogstda,16384,16 kB,0 bytes,8192 bytes,0
gareantst,16384,16 kB,0 bytes,8192 bytes,0
faturabaixa,16384,16 kB,0 bytes,8192 bytes,0
conficmsrs,16384,16 kB,0 bytes,8192 bytes,0
portcat28_guia,16384,16 kB,0 bytes,8192 bytes,0
histo2,16384,16 kB,0 bytes,8192 bytes,0
erroseventotransmissaoesocialreinf,16384,16 kB,0 bytes,8192 bytes,0
outefd,16384,16 kB,0 bytes,8192 bytes,0
gnreantst,16384,16 kB,0 bytes,8192 bytes,0
ecredac_cadenquadramento,16384,16 kB,0 bytes,8192 bytes,0
plano,16384,16 kB,0 bytes,8192 bytes,0
estsubtribguia,16384,16 kB,0 bytes,8192 bytes,0
ciirsaid,16384,16 kB,0 bytes,8192 bytes,0
relator,16384,16 kB,0 bytes,8192 bytes,0
efdpiscof_vendaconsumidor,16384,16 kB,0 bytes,16 kB,0
nfenteventonota,16384,16 kB,0 bytes,8192 bytes,0
camposdarj,16384,16 kB,0 bytes,8192 bytes,0
cadidentscp,16384,16 kB,0 bytes,8192 bytes,0
totbilhete,16384,16 kB,0 bytes,16 kB,0
transporte,16384,16 kB,0 bytes,8192 bytes,0
efdpiscof_vlrcoftransp,16384,16 kB,0 bytes,16 kB,0
nfsaieventonota,16384,16 kB,0 bytes,8192 bytes,0
regimecaixa,16384,16 kB,0 bytes,16 kB,0
efdpiscof_piscompldoctransp,16384,16 kB,0 bytes,16 kB,0
efdpiscof_vlrpistransp,16384,16 kB,0 bytes,16 kB,0
eventotransmissaoesocialreinfdeletados,16384,16 kB,0 bytes,8192 bytes,0
recolhe_aliq,16384,16 kB,0 bytes,8192 bytes,0
rjouticmsdevidos,16384,16 kB,0 bytes,8192 bytes,0
comprend,16384,16 kB,0 bytes,8192 bytes,0
efdpiscof_procreferenciado,8192,8192 bytes,0 bytes,8192 bytes,0
efdpiscof_procreferenciados,8192,8192 bytes,0 bytes,8192 bytes,0
efdpiscof_procrefimobret,8192,8192 bytes,0 bytes,8192 bytes,0
efdpiscof_procreftransp,8192,8192 bytes,0 bytes,8192 bytes,0
efdpiscof_procrefuniimob,8192,8192 bytes,0 bytes,8192 bytes,0
efdpiscof_valorestransporteent,8192,8192 bytes,0 bytes,8192 bytes,0
efdpiscof_valretfon,8192,8192 bytes,0 bytes,8192 bytes,0
efdpiscof_vendaconsumidor_itensdoc,8192,8192 bytes,0 bytes,8192 bytes,0
engrevecftot,8192,8192 bytes,0 bytes,8192 bytes,0
eppme,8192,8192 bytes,0 bytes,8192 bytes,0
errosintofffatura,8192,8192 bytes,0 bytes,8192 bytes,0
estoque_escriturado,8192,8192 bytes,0 bytes,8192 bytes,0
exigsusdet,8192,8192 bytes,0 bytes,8192 bytes,0
exigsusp,8192,8192 bytes,0 bytes,8192 bytes,0
expdados,8192,8192 bytes,0 bytes,8192 bytes,0
expdet,8192,8192 bytes,0 bytes,8192 bytes,0
expinfo,8192,8192 bytes,0 bytes,8192 bytes,0
expnfrec,8192,8192 bytes,0 bytes,8192 bytes,0
expprod,8192,8192 bytes,0 bytes,8192 bytes,0
expprodrec,8192,8192 bytes,0 bytes,8192 bytes,0
fecp,8192,8192 bytes,0 bytes,8192 bytes,0
fecpnfe,8192,8192 bytes,0 bytes,8192 bytes,0
fecpnfs,8192,8192 bytes,0 bytes,8192 bytes,0
giarem,8192,8192 bytes,0 bytes,8192 bytes,0
giast,8192,8192 bytes,0 bytes,8192 bytes,0
gifsefinnet_ajus,8192,8192 bytes,0 bytes,8192 bytes,0
gifsefinnet_graf,8192,8192 bytes,0 bytes,8192 bytes,0
gmbanexo2,8192,8192 bytes,0 bytes,8192 bytes,0
gmbdademp,8192,8192 bytes,0 bytes,8192 bytes,0
gmbestoque,8192,8192 bytes,0 bytes,8192 bytes,0
gpsretidorss,8192,8192 bytes,0 bytes,8192 bytes,0
histo,8192,8192 bytes,0 bytes,8192 bytes,0
icmsrs,8192,8192 bytes,0 bytes,8192 bytes,0
icmsstint,8192,8192 bytes,0 bytes,8192 bytes,0
icmsstintsbtda,8192,8192 bytes,0 bytes,8192 bytes,0
identadvogado,8192,8192 bytes,0 bytes,8192 bytes,0
identdispensa,8192,8192 bytes,0 bytes,8192 bytes,0
ie_out_uf,8192,8192 bytes,0 bytes,8192 bytes,0
impostos_trimestrais,8192,8192 bytes,0 bytes,8192 bytes,0
impret,8192,8192 bytes,0 bytes,8192 bytes,0
ind_terceiros_itens_prod,8192,8192 bytes,0 bytes,8192 bytes,0
indpagam,8192,8192 bytes,0 bytes,8192 bytes,0
indpagamcte,8192,8192 bytes,0 bytes,8192 bytes,0
industrializacao_insumos_consumidos,8192,8192 bytes,0 bytes,8192 bytes,0
infcompgerano,8192,8192 bytes,0 bytes,8192 bytes,0
infcomplicms,8192,8192 bytes,0 bytes,8192 bytes,0
inforendimentos,8192,8192 bytes,0 bytes,8192 bytes,0
infostuf,8192,8192 bytes,0 bytes,8192 bytes,0
infvalagreg,8192,8192 bytes,0 bytes,8192 bytes,0
insumos_consumidos,8192,8192 bytes,0 bytes,8192 bytes,0
intoutrec,8192,8192 bytes,0 bytes,8192 bytes,0
invpro,8192,8192 bytes,0 bytes,8192 bytes,0
ipi_dec,8192,8192 bytes,0 bytes,8192 bytes,0
ipi_men,8192,8192 bytes,0 bytes,8192 bytes,0
ipi_qui,8192,8192 bytes,0 bytes,8192 bytes,0
iss56_cv,8192,8192 bytes,0 bytes,8192 bytes,0
issempr,8192,8192 bytes,0 bytes,8192 bytes,0
issmat,8192,8192 bytes,0 bytes,8192 bytes,0
issmunic,8192,8192 bytes,0 bytes,8192 bytes,0
itens_produzidos,8192,8192 bytes,0 bytes,8192 bytes,0
lcdetiss,8192,8192 bytes,0 bytes,8192 bytes,0
lceantst,8192,8192 bytes,0 bytes,8192 bytes,0
lcedipi,8192,8192 bytes,0 bytes,8192 bytes,0
lcemper,8192,8192 bytes,0 bytes,8192 bytes,0
lcereg54ivais,8192,8192 bytes,0 bytes,8192 bytes,0
lcsdipi,8192,8192 bytes,0 bytes,8192 bytes,0
lcsmper,8192,8192 bytes,0 bytes,8192 bytes,0
lcsreg54ivais,8192,8192 bytes,0 bytes,8192 bytes,0
lucropresumidoprocref,8192,8192 bytes,0 bytes,8192 bytes,0
mei,8192,8192 bytes,0 bytes,8192 bytes,0
metanual,8192,8192 bytes,0 bytes,8192 bytes,0
mit_cadastro,8192,8192 bytes,0 bytes,8192 bytes,0
mit_debcre,8192,8192 bytes,0 bytes,8192 bytes,0
mit_sitespecial,8192,8192 bytes,0 bytes,8192 bytes,0
mit_suspensao,8192,8192 bytes,0 bytes,8192 bytes,0
modais,8192,8192 bytes,0 bytes,8192 bytes,0
modimp,8192,8192 bytes,0 bytes,8192 bytes,0
modimp_basecalccredratprop,8192,8192 bytes,0 bytes,8192 bytes,0
modimp_basecalccumulativo,8192,8192 bytes,0 bytes,8192 bytes,0
modimp_basecalcmisto,8192,8192 bytes,0 bytes,8192 bytes,0
modimp_basecalcnaocumul,8192,8192 bytes,0 bytes,8192 bytes,0
modimp_creditorateioproporc,8192,8192 bytes,0 bytes,8192 bytes,0
modimp_cumulativo,8192,8192 bytes,0 bytes,8192 bytes,0
modimp_deducoes,8192,8192 bytes,0 bytes,8192 bytes,0
modimp_misto,8192,8192 bytes,0 bytes,8192 bytes,0
modimp_naocumul,8192,8192 bytes,0 bytes,8192 bytes,0
modimpcof_ajusteacresc,8192,8192 bytes,0 bytes,8192 bytes,0
modimpcof_ajustecontribacresc,8192,8192 bytes,0 bytes,8192 bytes,0
modimpcof_ajustecontribred,8192,8192 bytes,0 bytes,8192 bytes,0
modimpcof_ajustereducao,8192,8192 bytes,0 bytes,8192 bytes,0
modimppis_ajusteacresc,8192,8192 bytes,0 bytes,8192 bytes,0
modimppis_ajustecontribacresc,8192,8192 bytes,0 bytes,8192 bytes,0
modimppis_ajustecontribred,8192,8192 bytes,0 bytes,8192 bytes,0
modimppis_ajustereducao,8192,8192 bytes,0 bytes,8192 bytes,0
movcomb,8192,8192 bytes,0 bytes,8192 bytes,0
movdependentes,8192,8192 bytes,0 bytes,8192 bytes,0
movempded,8192,8192 bytes,0 bytes,8192 bytes,0
movempefdpiscof,8192,8192 bytes,0 bytes,8192 bytes,0
movempefdpiscof_nfextemp,8192,8192 bytes,0 bytes,8192 bytes,0
movempinc,8192,8192 bytes,0 bytes,8192 bytes,0
movempprocref,8192,8192 bytes,0 bytes,8192 bytes,0
movempprocrefded,8192,8192 bytes,0 bytes,8192 bytes,0
movempregimecaixa,8192,8192 bytes,0 bytes,8192 bytes,0
movprevidenciaprivada,8192,8192 bytes,0 bytes,8192 bytes,0
movsoc,8192,8192 bytes,0 bytes,8192 bytes,0
movtanq,8192,8192 bytes,0 bytes,8192 bytes,0
mpermen,8192,8192 bytes,0 bytes,8192 bytes,0
msapucomp,8192,8192 bytes,0 bytes,8192 bytes,0
msapuicms,8192,8192 bytes,0 bytes,8192 bytes,0
msapust,8192,8192 bytes,0 bytes,8192 bytes,0
msbalativ,8192,8192 bytes,0 bytes,8192 bytes,0
msbalpass,8192,8192 bytes,0 bytes,8192 bytes,0
msdemores,8192,8192 bytes,0 bytes,8192 bytes,0
msdifaliq,8192,8192 bytes,0 bytes,8192 bytes,0
msestoque,8192,8192 bytes,0 bytes,8192 bytes,0
msicmsst,8192,8192 bytes,0 bytes,8192 bytes,0
msmovfin,8192,8192 bytes,0 bytes,8192 bytes,0
nf_iss56_chaves,8192,8192 bytes,0 bytes,8192 bytes,0
nf_iss56infocomp,8192,8192 bytes,0 bytes,8192 bytes,0
nf_iss56operimp,8192,8192 bytes,0 bytes,8192 bytes,0
nf_iss56procref,8192,8192 bytes,0 bytes,8192 bytes,0
nf_iss_chaves,8192,8192 bytes,0 bytes,8192 bytes,0
nf_issdmed,8192,8192 bytes,0 bytes,8192 bytes,0
nf_issinfocomp,8192,8192 bytes,0 bytes,8192 bytes,0
nf_issprocref,8192,8192 bytes,0 bytes,8192 bytes,0
nfconjugada,8192,8192 bytes,0 bytes,8192 bytes,0
nfdipam,8192,8192 bytes,0 bytes,8192 bytes,0
nfe_cferefer,8192,8192 bytes,0 bytes,8192 bytes,0
nfeantst,8192,8192 bytes,0 bytes,8192 bytes,0
nfeapuracaoref,8192,8192 bytes,0 bytes,8192 bytes,0
nfecfrefer,8192,8192 bytes,0 bytes,8192 bytes,0
nfechavesantpag,8192,8192 bytes,0 bytes,8192 bytes,0
nfecombustivel,8192,8192 bytes,0 bytes,8192 bytes,0
nfedipi,8192,8192 bytes,0 bytes,8192 bytes,0
nfedocarre,8192,8192 bytes,0 bytes,8192 bytes,0
nfedocref,8192,8192 bytes,0 bytes,8192 bytes,0
nfedocrefcomunictelecomunic,8192,8192 bytes,0 bytes,8192 bytes,0
nfemedicamentos,8192,8192 bytes,0 bytes,8192 bytes,0
nfemper,8192,8192 bytes,0 bytes,8192 bytes,0
nfentevento,8192,8192 bytes,0 bytes,8192 bytes,0
nfenteventoitens,8192,8192 bytes,0 bytes,8192 bytes,0
nfentimport,8192,8192 bytes,0 bytes,8192 bytes,0
nfeprocref,8192,8192 bytes,0 bytes,8192 bytes,0
nferessarcicms,8192,8192 bytes,0 bytes,8192 bytes,0
nfetransp_simplificado,8192,8192 bytes,0 bytes,8192 bytes,0
nfevalagreg,8192,8192 bytes,0 bytes,8192 bytes,0
nfeveiculosnovos,8192,8192 bytes,0 bytes,8192 bytes,0
nflocalprestserv,8192,8192 bytes,0 bytes,8192 bytes,0
nfsaievento,8192,8192 bytes,0 bytes,8192 bytes,0
nfsaieventoitens,8192,8192 bytes,0 bytes,8192 bytes,0
nfsanexo5,8192,8192 bytes,0 bytes,8192 bytes,0
nfsapuracaoref,8192,8192 bytes,0 bytes,8192 bytes,0
nfsarmasfogo,8192,8192 bytes,0 bytes,8192 bytes,0
nfschavesantpag,8192,8192 bytes,0 bytes,8192 bytes,0
nfsdipi,8192,8192 bytes,0 bytes,8192 bytes,0
nfsdocarre,8192,8192 bytes,0 bytes,8192 bytes,0
nfsdocref,8192,8192 bytes,0 bytes,8192 bytes,0
nfsdocrefcomunictelecomunic,8192,8192 bytes,0 bytes,8192 bytes,0
nfslocalce,8192,8192 bytes,0 bytes,8192 bytes,0
nfsmedicamentos,8192,8192 bytes,0 bytes,8192 bytes,0
nfsmper,8192,8192 bytes,0 bytes,8192 bytes,0
nfsprocref,8192,8192 bytes,0 bytes,8192 bytes,0
nfsressarcicms,8192,8192 bytes,0 bytes,8192 bytes,0
nfsterminalfaturado,8192,8192 bytes,0 bytes,8192 bytes,0
nfstransp_simplificado,8192,8192 bytes,0 bytes,8192 bytes,0
nfsubtrib,8192,8192 bytes,0 bytes,8192 bytes,0
nfsvalagreg,8192,8192 bytes,0 bytes,8192 bytes,0
nfsveiculosnovos,8192,8192 bytes,0 bytes,8192 bytes,0
nftransp,8192,8192 bytes,0 bytes,8192 bytes,0
obsservprest,8192,8192 bytes,0 bytes,8192 bytes,0
opercartao,8192,8192 bytes,0 bytes,8192 bytes,0
operinstrupageletronicos,8192,8192 bytes,0 bytes,8192 bytes,0
outcreddebmg,8192,8192 bytes,0 bytes,8192 bytes,0
outdedmg,8192,8192 bytes,0 bytes,8192 bytes,0
outdedmg_comp,8192,8192 bytes,0 bytes,8192 bytes,0
outdedmg_ded,8192,8192 bytes,0 bytes,8192 bytes,0
outdedmg_dedesp,8192,8192 bytes,0 bytes,8192 bytes,0
outdedmg_det,8192,8192 bytes,0 bytes,8192 bytes,0
outdedmg_detesp,8192,8192 bytes,0 bytes,8192 bytes,0
outdedmg_trans,8192,8192 bytes,0 bytes,8192 bytes,0
outdedmg_trans_rem,8192,8192 bytes,0 bytes,8192 bytes,0
outestcredmg,8192,8192 bytes,0 bytes,8192 bytes,0
outestdebmg,8192,8192 bytes,0 bytes,8192 bytes,0
outras_mov_internas,8192,8192 bytes,0 bytes,8192 bytes,0
outros2,8192,8192 bytes,0 bytes,8192 bytes,0
outrosrs,8192,8192 bytes,0 bytes,8192 bytes,0
outstestdebmg,8192,8192 bytes,0 bytes,8192 bytes,0
parcelas,8192,8192 bytes,0 bytes,8192 bytes,0
parcelaslanc,8192,8192 bytes,0 bytes,8192 bytes,0
periodo_apuracao_icms_ipi,8192,8192 bytes,0 bytes,8192 bytes,0
piscofinses,8192,8192 bytes,0 bytes,8192 bytes,0
pislreal,8192,8192 bytes,0 bytes,8192 bytes,0
pjcomp,8192,8192 bytes,0 bytes,8192 bytes,0
pjsusp,8192,8192 bytes,0 bytes,8192 bytes,0
planoccbem,8192,8192 bytes,0 bytes,8192 bytes,0
planoda,8192,8192 bytes,0 bytes,8192 bytes,0
planodt,8192,8192 bytes,0 bytes,8192 bytes,0
portcat156_configuracao,8192,8192 bytes,0 bytes,8192 bytes,0
portcat156_gateway,8192,8192 bytes,0 bytes,8192 bytes,0
portcat156_gateway_pagto,8192,8192 bytes,0 bytes,8192 bytes,0
portcat156_hospedagem,8192,8192 bytes,0 bytes,8192 bytes,0
portcat156_intermfinanceira,8192,8192 bytes,0 bytes,8192 bytes,0
portcat156_intermfinanceira_pagto,8192,8192 bytes,0 bytes,8192 bytes,0
portcat156_lojasvirtuais,8192,8192 bytes,0 bytes,8192 bytes,0
portcat156_lojasvirtuais_pagto,8192,8192 bytes,0 bytes,8192 bytes,0
portcat28_notas,8192,8192 bytes,0 bytes,8192 bytes,0
portcat28_produtos,8192,8192 bytes,0 bytes,8192 bytes,0
portcat42_doceletronico,8192,8192 bytes,0 bytes,8192 bytes,0
portcat42_docneletronico,8192,8192 bytes,0 bytes,8192 bytes,0
portcat42_saldos,8192,8192 bytes,0 bytes,8192 bytes,0
prestadoscentrocusto,8192,8192 bytes,0 bytes,8192 bytes,0
previdenciaprivada,8192,8192 bytes,0 bytes,8192 bytes,0
pro_ser_comp,8192,8192 bytes,0 bytes,8192 bytes,0
pro_ser_compdet,8192,8192 bytes,0 bytes,8192 bytes,0
pro_ser_correlacao,8192,8192 bytes,0 bytes,8192 bytes,0
pro_ser_correlacaodet,8192,8192 bytes,0 bytes,8192 bytes,0
procrefcomplemento,8192,8192 bytes,0 bytes,8192 bytes,0
procrefdetalhamento,8192,8192 bytes,0 bytes,8192 bytes,0
protocol,8192,8192 bytes,0 bytes,8192 bytes,0
psescrituracaofiscal,8192,8192 bytes,0 bytes,8192 bytes,0
psescrituracaofiscaldeclaracao,8192,8192 bytes,0 bytes,8192 bytes,0
psescrituracaofiscalstatus,8192,8192 bytes,0 bytes,8192 bytes,0
pslogestados,8192,8192 bytes,0 bytes,8192 bytes,0
pslogprodutos,8192,8192 bytes,0 bytes,8192 bytes,0
quotasdarfs,8192,8192 bytes,0 bytes,8192 bytes,0
rateiorec,8192,8192 bytes,0 bytes,8192 bytes,0
reg55,8192,8192 bytes,0 bytes,8192 bytes,0
reg71,8192,8192 bytes,0 bytes,8192 bytes,0
regexp,8192,8192 bytes,0 bytes,8192 bytes,0
regimeprocref,8192,8192 bytes,0 bytes,8192 bytes,0
reinf_4020_documentonaofiscal,8192,8192 bytes,0 bytes,8192 bytes,0
reinf_4040_retnefetdepjud,8192,8192 bytes,0 bytes,8192 bytes,0
reinf_4080_retnefetdepjud,8192,8192 bytes,0 bytes,8192 bytes,0
reinfcomprodruralpjagro,8192,8192 bytes,0 bytes,8192 bytes,0
reinfinfocomp,8192,8192 bytes,0 bytes,8192 bytes,0
reinfinfocompdedrend,8192,8192 bytes,0 bytes,8192 bytes,0
reinfinfocompdedsusp,8192,8192 bytes,0 bytes,8192 bytes,0
reinfinfocompdepbene,8192,8192 bytes,0 bytes,8192 bytes,0
reinfinfocompdepplano,8192,8192 bytes,0 bytes,8192 bytes,0
reinfinfocompdetdedexig,8192,8192 bytes,0 bytes,8192 bytes,0
reinfinfocompidentoper,8192,8192 bytes,0 bytes,8192 bytes,0
reinfinfocompreemdep,8192,8192 bytes,0 bytes,8192 bytes,0
reinfinfocompreemtitular,8192,8192 bytes,0 bytes,8192 bytes,0
reinfinfocomprend,8192,8192 bytes,0 bytes,8192 bytes,0
reinfinfocompretnefetdepjud,8192,8192 bytes,0 bytes,8192 bytes,0
reinfpagcredbenefnaoident,8192,8192 bytes,0 bytes,8192 bytes,0
reinfproc,8192,8192 bytes,0 bytes,8192 bytes,0
reinfretencaorecebimento,8192,8192 bytes,0 bytes,8192 bytes,0
reinfscp,8192,8192 bytes,0 bytes,8192 bytes,0
reinfsusp,8192,8192 bytes,0 bytes,8192 bytes,0
reinftransmissao,8192,8192 bytes,0 bytes,8192 bytes,0
resdiariosai_bi,8192,8192 bytes,0 bytes,8192 bytes,0
resdiariosai_dc,8192,8192 bytes,0 bytes,8192 bytes,0
retornoaqproducaoruralesocialreinf,8192,8192 bytes,0 bytes,8192 bytes,0
retornocomercializacaoproducaoruralreinf,8192,8192 bytes,0 bytes,8192 bytes,0
retornoconsolidacaotributosfechamentoesocialreinf,8192,8192 bytes,0 bytes,8192 bytes,0
retornocprbfechamentoesocialreinf,8192,8192 bytes,0 bytes,8192 bytes,0
retornonatrendcodreceitafechamentoesocialreinf,8192,8192 bytes,0 bytes,8192 bytes,0
retornoservprestfechamentoesocialreinf,8192,8192 bytes,0 bytes,8192 bytes,0
retornoservtomfechamentoesocialreinf,8192,8192 bytes,0 bytes,8192 bytes,0
rjcompestab,8192,8192 bytes,0 bytes,8192 bytes,0
rjcompproprio,8192,8192 bytes,0 bytes,8192 bytes,0
rjcredreceb,8192,8192 bytes,0 bytes,8192 bytes,0
rjopcoes,8192,8192 bytes,0 bytes,8192 bytes,0
rjopprazosespeciais,8192,8192 bytes,0 bytes,8192 bytes,0
rjoutros,8192,8192 bytes,0 bytes,8192 bytes,0
rjstprazosespeciais,8192,8192 bytes,0 bytes,8192 bytes,0
rjtransfer,8192,8192 bytes,0 bytes,8192 bytes,0
rsapuicms20,8192,8192 bytes,0 bytes,8192 bytes,0
rsapuicms21,8192,8192 bytes,0 bytes,8192 bytes,0
rsapuicms22,8192,8192 bytes,0 bytes,8192 bytes,0
rsestoque,8192,8192 bytes,0 bytes,8192 bytes,0
rsoperinter,8192,8192 bytes,0 bytes,8192 bytes,0
saldoipi,8192,8192 bytes,0 bytes,8192 bytes,0
salprodr,8192,8192 bytes,0 bytes,8192 bytes,0
sdantest,8192,8192 bytes,0 bytes,8192 bytes,0
sequencialdeclan,8192,8192 bytes,0 bytes,8192 bytes,0
serv_terceiro,8192,8192 bytes,0 bytes,8192 bytes,0
simplna_regcaixa,8192,8192 bytes,0 bytes,8192 bytes,0
sinco,8192,8192 bytes,0 bytes,8192 bytes,0
sintet,8192,8192 bytes,0 bytes,8192 bytes,0
sncalcsoc,8192,8192 bytes,0 bytes,8192 bytes,0
snfolsal,8192,8192 bytes,0 bytes,8192 bytes,0
snfolsal_regcaixa,8192,8192 bytes,0 bytes,8192 bytes,0
snrecbru,8192,8192 bytes,0 bytes,8192 bytes,0
snrecbru_regcaixa,8192,8192 bytes,0 bytes,8192 bytes,0
socios,8192,8192 bytes,0 bytes,8192 bytes,0
spaulist,8192,8192 bytes,0 bytes,8192 bytes,0
spaulista,8192,8192 bytes,0 bytes,8192 bytes,0
subicmsst,8192,8192 bytes,0 bytes,8192 bytes,0
tabsimpr,8192,8192 bytes,0 bytes,8192 bytes,0
ver_gia,8192,8192 bytes,0 bytes,8192 bytes,0
alipromp,8192,8192 bytes,0 bytes,8192 bytes,0
apindpartmun,8192,8192 bytes,0 bytes,8192 bytes,0
bilheteconsolidado,8192,8192 bytes,0 bytes,8192 bytes,0
cadastro,8192,8192 bytes,0 bytes,8192 bytes,0
cadbicosbombacomb,8192,8192 bytes,0 bytes,8192 bytes,0
cadbombascomb,8192,8192 bytes,0 bytes,8192 bytes,0
cadcontr,8192,8192 bytes,0 bytes,8192 bytes,0
cadcontred,8192,8192 bytes,0 bytes,8192 bytes,0
cadinscr,8192,8192 bytes,0 bytes,8192 bytes,0
cadlacresbombacomb,8192,8192 bytes,0 bytes,8192 bytes,0
cadprod,8192,8192 bytes,0 bytes,8192 bytes,0
cadprodst,8192,8192 bytes,0 bytes,8192 bytes,0
cadpromp,8192,8192 bytes,0 bytes,8192 bytes,0
calcinss,8192,8192 bytes,0 bytes,8192 bytes,0
cbdetiss,8192,8192 bytes,0 bytes,8192 bytes,0
cfgcfopsp,8192,8192 bytes,0 bytes,8192 bytes,0
cfgginfes,8192,8192 bytes,0 bytes,8192 bytes,0
cfgimpecfcfop,8192,8192 bytes,0 bytes,8192 bytes,0
cfgimpefd,8192,8192 bytes,0 bytes,8192 bytes,0
cfgintimposto,8192,8192 bytes,0 bytes,8192 bytes,0
cfgisentosimpliss,8192,8192 bytes,0 bytes,8192 bytes,0
cfglanctooutrasreceitas,8192,8192 bytes,0 bytes,8192 bytes,0
cfgtributacao,8192,8192 bytes,0 bytes,8192 bytes,0
cfic,8192,8192 bytes,0 bytes,0 bytes,0
ciap,8192,8192 bytes,0 bytes,8192 bytes,0
ciapbens,8192,8192 bytes,0 bytes,8192 bytes,0
ciapentdoc,8192,8192 bytes,0 bytes,8192 bytes,0
ciapfator,8192,8192 bytes,0 bytes,8192 bytes,0
ciapitemen,8192,8192 bytes,0 bytes,8192 bytes,0
ciapitempb,8192,8192 bytes,0 bytes,8192 bytes,0
ciapitemsa,8192,8192 bytes,0 bytes,8192 bytes,0
ciapperdoc,8192,8192 bytes,0 bytes,8192 bytes,0
ciapsaidoc,8192,8192 bytes,0 bytes,8192 bytes,0
cicmspr,8192,8192 bytes,0 bytes,8192 bytes,0
clifordadosreinf,8192,8192 bytes,0 bytes,8192 bytes,0
clifordependentes,8192,8192 bytes,0 bytes,8192 bytes,0
codajuoutipi,8192,8192 bytes,0 bytes,8192 bytes,0
codajusout,8192,8192 bytes,0 bytes,8192 bytes,0
codativmun,8192,8192 bytes,0 bytes,8192 bytes,0
codbemcomp,8192,8192 bytes,0 bytes,8192 bytes,0
codsernfsedsf,8192,8192 bytes,0 bytes,8192 bytes,0
compdetalhamento,8192,8192 bytes,0 bytes,8192 bytes,0
complbilhe,8192,8192 bytes,0 bytes,8192 bytes,0
complitnft,8192,8192 bytes,0 bytes,8192 bytes,0
conf_email,8192,8192 bytes,0 bytes,8192 bytes,0
confagregado,8192,8192 bytes,0 bytes,8192 bytes,0
confcfoan5,8192,8192 bytes,0 bytes,8192 bytes,0
confcfoan5lc,8192,8192 bytes,0 bytes,8192 bytes,0
confcontabil,8192,8192 bytes,0 bytes,8192 bytes,0
conffornprod_icmsipi_ex,8192,8192 bytes,0 bytes,8192 bytes,0
configginfes,8192,8192 bytes,0 bytes,8192 bytes,0
configissdigital,8192,8192 bytes,0 bytes,8192 bytes,0
configissdigital2,8192,8192 bytes,0 bytes,8192 bytes,0
configuragps,8192,8192 bytes,0 bytes,8192 bytes,0
confimpsintegra,8192,8192 bytes,0 bytes,8192 bytes,0
confinicial,8192,8192 bytes,0 bytes,8192 bytes,0
confint2,8192,8192 bytes,0 bytes,0 bytes,0
confmatrinac,8192,8192 bytes,0 bytes,8192 bytes,0
confmatrinacprod,8192,8192 bytes,0 bytes,8192 bytes,0
confmunicipprestadores,8192,8192 bytes,0 bytes,8192 bytes,0
contareceita,8192,8192 bytes,0 bytes,8192 bytes,0
contpagmr,8192,8192 bytes,0 bytes,8192 bytes,0
correcaoapont,8192,8192 bytes,0 bytes,8192 bytes,0
credencdepamor,8192,8192 bytes,0 bytes,8192 bytes,0
credencdepamorref,8192,8192 bytes,0 bytes,8192 bytes,0
creditosefd,8192,8192 bytes,0 bytes,8192 bytes,0
credvlraquis,8192,8192 bytes,0 bytes,8192 bytes,0
ctr_cana,8192,8192 bytes,0 bytes,8192 bytes,0
cupomfister,8192,8192 bytes,0 bytes,8192 bytes,0
cupomfisterlan,8192,8192 bytes,0 bytes,8192 bytes,0
dadosbilhete,8192,8192 bytes,0 bytes,8192 bytes,0
dadoscargaent,8192,8192 bytes,0 bytes,8192 bytes,0
dadoscombustivel,8192,8192 bytes,0 bytes,8192 bytes,0
dadosexp,8192,8192 bytes,0 bytes,8192 bytes,0
dadosissqn,8192,8192 bytes,0 bytes,8192 bytes,0
dadospj,8192,8192 bytes,0 bytes,8192 bytes,0
dadostranspmunorigemdest,8192,8192 bytes,0 bytes,8192 bytes,0
dapi_config,8192,8192 bytes,0 bytes,8192 bytes,0
dapi_icmsst,8192,8192 bytes,0 bytes,8192 bytes,0
dapi_infocompl,8192,8192 bytes,0 bytes,8192 bytes,0
dapi_obrig,8192,8192 bytes,0 bytes,8192 bytes,0
darfajuste,8192,8192 bytes,0 bytes,8192 bytes,0
darfefd,8192,8192 bytes,0 bytes,8192 bytes,0
darfretidoirpj,8192,8192 bytes,0 bytes,8192 bytes,0
darfs,8192,8192 bytes,0 bytes,8192 bytes,0
das,8192,8192 bytes,0 bytes,8192 bytes,0
dasnestab,8192,8192 bytes,0 bytes,8192 bytes,0
dasnsocio,8192,8192 bytes,0 bytes,8192 bytes,0
dasnuf,8192,8192 bytes,0 bytes,8192 bytes,0
dcconfiguracoes,8192,8192 bytes,0 bytes,8192 bytes,0
dccontrolecredito,8192,8192 bytes,0 bytes,8192 bytes,0
dctfccd,8192,8192 bytes,0 bytes,8192 bytes,0
dctfcsd,8192,8192 bytes,0 bytes,8192 bytes,0
dctfparc,8192,8192 bytes,0 bytes,8192 bytes,0
declanrj,8192,8192 bytes,0 bytes,8192 bytes,0
dedeppsp,8192,8192 bytes,0 bytes,8192 bytes,0
deducdarf,8192,8192 bytes,0 bytes,8192 bytes,0
defis_campeleitoral,8192,8192 bytes,0 bytes,8192 bytes,0
demonsicmsaereo,8192,8192 bytes,0 bytes,8192 bytes,0
demonstrativotributos,8192,8192 bytes,0 bytes,8192 bytes,0
dependentes,8192,8192 bytes,0 bytes,8192 bytes,0
destda_antecipacao,8192,8192 bytes,0 bytes,8192 bytes,0
destda_antsituacao,8192,8192 bytes,0 bytes,8192 bytes,0
destda_icmsst,8192,8192 bytes,0 bytes,8192 bytes,0
destda_icmsvendasintconsfinal,8192,8192 bytes,0 bytes,8192 bytes,0
destda_icmsvendasintconsfinaluf,8192,8192 bytes,0 bytes,8192 bytes,0
destda_identificacao,8192,8192 bytes,0 bytes,8192 bytes,0
destda_infarqassociados,8192,8192 bytes,0 bytes,8192 bytes,0
destda_respcont,8192,8192 bytes,0 bytes,8192 bytes,0
destda_stporuf,8192,8192 bytes,0 bytes,8192 bytes,0
detalhamento_2010,8192,8192 bytes,0 bytes,8192 bytes,0
detalhamento_2020,8192,8192 bytes,0 bytes,8192 bytes,0
detalhamento_2060,8192,8192 bytes,0 bytes,8192 bytes,0
detalhamentoreceitas,8192,8192 bytes,0 bytes,8192 bytes,0
detsaiint,8192,8192 bytes,0 bytes,8192 bytes,0
detzfmalc,8192,8192 bytes,0 bytes,8192 bytes,0
devsertransp,8192,8192 bytes,0 bytes,8192 bytes,0
diamensal,8192,8192 bytes,0 bytes,8192 bytes,0
diamensalprod,8192,8192 bytes,0 bytes,8192 bytes,0
diaresponsavel,8192,8192 bytes,0 bytes,8192 bytes,0
dimeficha12,8192,8192 bytes,0 bytes,8192 bytes,0
dimeficha15,8192,8192 bytes,0 bytes,8192 bytes,0
dimeficha46,8192,8192 bytes,0 bytes,8192 bytes,0
dimemensal,8192,8192 bytes,0 bytes,8192 bytes,0
dimemensal2,8192,8192 bytes,0 bytes,8192 bytes,0
dipamme,8192,8192 bytes,0 bytes,8192 bytes,0
dipamne,8192,8192 bytes,0 bytes,8192 bytes,0
dipjcad,8192,8192 bytes,0 bytes,8192 bytes,0
distrvarj,8192,8192 bytes,0 bytes,8192 bytes,0
dmedbeneficiarios,8192,8192 bytes,0 bytes,8192 bytes,0
dmedbenprestserv,8192,8192 bytes,0 bytes,8192 bytes,0
dmedprestserv,8192,8192 bytes,0 bytes,8192 bytes,0
docefd,8192,8192 bytes,0 bytes,8192 bytes,0
docfiscaisutiliz,8192,8192 bytes,0 bytes,8192 bytes,0
docfisccancinutiliz,8192,8192 bytes,0 bytes,8192 bytes,0
ecfengrev,8192,8192 bytes,0 bytes,8192 bytes,0
ecftotalizador,8192,8192 bytes,0 bytes,8192 bytes,0
ecredac_devolucao_entrada,8192,8192 bytes,0 bytes,8192 bytes,0
ecredac_infoger_saida,8192,8192 bytes,0 bytes,8192 bytes,0
efd_piscofins,8192,8192 bytes,0 bytes,8192 bytes,0
efdcfgobrigicmsrecol,8192,8192 bytes,0 bytes,8192 bytes,0
efdpiscof_bilcontransp,8192,8192 bytes,0 bytes,8192 bytes,0
efdpiscof_compoper,8192,8192 bytes,0 bytes,8192 bytes,0
efdpiscof_compopers,8192,8192 bytes,0 bytes,8192 bytes,0
efdpiscof_credpresestoque,8192,8192 bytes,0 bytes,8192 bytes,0
efdpiscof_custoincuniimob,8192,8192 bytes,0 bytes,8192 bytes,0
efdpiscof_custoorcuniimob,8192,8192 bytes,0 bytes,8192 bytes,0
efdpiscof_detcustoincuniimob,8192,8192 bytes,0 bytes,8192 bytes,0
efdpiscof_extemp,8192,8192 bytes,0 bytes,8192 bytes,0
efdpiscof_extemp2,8192,8192 bytes,0 bytes,8192 bytes,0
efdpiscof_extempcred,8192,8192 bytes,0 bytes,8192 bytes,0
efdpiscof_extempdet,8192,8192 bytes,0 bytes,8192 bytes,0
efdpiscof_folhasalario,8192,8192 bytes,0 bytes,8192 bytes,0
efdpiscof_incorimobret,8192,8192 bytes,0 bytes,8192 bytes,0
transpctrc,8192,8192 bytes,0 bytes,8192 bytes,0
transplce,8192,8192 bytes,0 bytes,8192 bytes,0
uf,8192,8192 bytes,0 bytes,8192 bytes,0
valcontdfc,8192,8192 bytes,0 bytes,8192 bytes,0
valdeclinfoadicapuricms,8192,8192 bytes,0 bytes,8192 bytes,0
ajustereinf,8192,8192 bytes,0 bytes,8192 bytes,0
tipocreditosefd,8192,8192 bytes,0 bytes,8192 bytes,0
tipomr,8192,8192 bytes,0 bytes,8192 bytes,0
tomadoscentrocusto,8192,8192 bytes,0 bytes,8192 bytes,0
tomadosmultiplas,8192,8192 bytes,0 bytes,8192 bytes,0
tottanq,8192,8192 bytes,0 bytes,8192 bytes,0
simplna,0,0 bytes,0 bytes,0 bytes,0
cfgimpnotas,0,0 bytes,0 bytes,0 bytes,0
recalculo,0,0 bytes,0 bytes,0 bytes,0
ecredac_dadexp_saida,0,0 bytes,0 bytes,0 bytes,0
hist_toma,0,0 bytes,0 bytes,0 bytes,0
dadosintfatura,0,0 bytes,0 bytes,0 bytes,0
